{"reward": [0.0, 0.0, 0.0, 0.0, 1.0, 0.0, 0.0, 0.0, 0.0, 0.0, 0.0, 0.0, 0.0, 0.0, 0.0], "action_success": [1.0, 1.0, 1.0, 1.0, 1.0, 1.0, 1.0, 1.0, 1.0, 1.0, 1.0, 1.0, 1.0, 1.0, 1.0], "instruction": "Stack the red cylinder and the magenta cylinder in sequence.", "avg_reward": 0.06666666666666667, "task_success": 0.0, "num_steps": 15, "planner_steps": 3, "planner_output_error": 0, "episode_elapsed_seconds": 73.31663298606873}