{"reward": [0.0, 0.0, 0.0, 1.0, 0.0, 0.0, 0.0, 0.0, 0.0, 0.0, 0.0, 0.0, 0.0, 0.0, 0.0], "action_success": [1.0, 1.0, 1.0, 1.0, 1.0, 1.0, 1.0, 1.0, 1.0, 1.0, 1.0, 1.0, 1.0, 1.0, 1.0], "instruction": "Pick up the triangular prism and place it into the silver container.", "avg_reward": 0.06666666666666667, "task_success": 0.0, "num_steps": 15, "planner_steps": 3, "planner_output_error": 0, "episode_elapsed_seconds": 84.83368277549744}