{"reward": [0.0, 0.0, 0.0, 0.0, 0.0, 0.0, 0.0, 0.0, 0.0, 0.0, 0.0, 0.0, 0.0, 1.0], "action_success": [1.0, 1.0, 1.0, 1.0, 1.0, 1.0, 1.0, 1.0, 1.0, 1.0, 1.0, 1.0, 1.0, 1.0], "instruction": "Pick up the star and place it into the blue container.", "avg_reward": 0.07142857142857142, "task_success": 1.0, "num_steps": 14, "planner_steps": 3, "planner_output_error": 0, "episode_elapsed_seconds": 97.89475774765015}